label,mutation,chain,pdb,delta_logit,perc_bucket,rank_wt,rank_mt
Uncleaved Prefusion-Closed,E80D,A,5WB0_trimer,-1.7843698999999997,≤ 50th,1,3
MPV-2cREKR,V112R,A,5WB0_trimer,-0.9128951000000001,85th - 90th,1,2
M104,L130D,A,5WB0_trimer,-0.45914610000000033,90th - 95th,7,8
Uncleaved Prefusion-Closed,V155P,A,5WB0_trimer,-5.107006330000001,50th - 60th,1,20
M104,A159L,A,5WB0_trimer,-1.3513542000000003,80th - 85th,2,5
M104,V203I,A,5WB0_trimer,-2.4603665500000003,≤ 50th,1,2
MPV-2cREKR,D209E,A,5WB0_trimer,2.24445317,97.5th - 99th,3,1
MPV-2cREKR,V231I,A,5WB0_trimer,3.46202692,≥ 99th,2,1
M104,V430Q,A,5WB0_trimer,-0.5676641,90th - 95th,5,10
M104,V449D,A,5WB0_trimer,3.196656,≥ 99th,14,2
MPV-2cREKR,E453P,A,5WB0_trimer,-5.68544189,≤ 50th,1,15
