label,mutation,chain,pdb,desired_one
Universal-HA,H355A,A,7VDF,0
Universal-HA,H355C,A,7VDF,0
Universal-HA,H355D,A,7VDF,0
Universal-HA,H355E,A,7VDF,0
Universal-HA,H355F,A,7VDF,0
Universal-HA,H355G,A,7VDF,0
Universal-HA,H355H,A,7VDF,0
Universal-HA,H355I,A,7VDF,0
Universal-HA,H355K,A,7VDF,0
Universal-HA,H355L,A,7VDF,0
Universal-HA,H355M,A,7VDF,0
Universal-HA,H355N,A,7VDF,0
Universal-HA,H355P,A,7VDF,0
Universal-HA,H355Q,A,7VDF,0
Universal-HA,H355R,A,7VDF,0
Universal-HA,H355S,A,7VDF,0
Universal-HA,H355T,A,7VDF,0
Universal-HA,H355V,A,7VDF,0
Universal-HA,H355W,A,7VDF,1
Universal-HA,H355Y,A,7VDF,0
Universal-HA,K380A,A,7VDF,0
Universal-HA,K380C,A,7VDF,0
Universal-HA,K380D,A,7VDF,0
Universal-HA,K380E,A,7VDF,0
Universal-HA,K380F,A,7VDF,0
Universal-HA,K380G,A,7VDF,0
Universal-HA,K380H,A,7VDF,0
Universal-HA,K380I,A,7VDF,1
Universal-HA,K380K,A,7VDF,0
Universal-HA,K380L,A,7VDF,0
Universal-HA,K380M,A,7VDF,0
Universal-HA,K380N,A,7VDF,0
Universal-HA,K380P,A,7VDF,0
Universal-HA,K380Q,A,7VDF,0
Universal-HA,K380R,A,7VDF,0
Universal-HA,K380S,A,7VDF,0
Universal-HA,K380T,A,7VDF,0
Universal-HA,K380V,A,7VDF,0
Universal-HA,K380W,A,7VDF,0
Universal-HA,K380Y,A,7VDF,0
Universal-HA,E432A,A,7VDF,0
Universal-HA,E432C,A,7VDF,0
Universal-HA,E432D,A,7VDF,0
Universal-HA,E432E,A,7VDF,0
Universal-HA,E432F,A,7VDF,0
Universal-HA,E432G,A,7VDF,0
Universal-HA,E432H,A,7VDF,0
Universal-HA,E432I,A,7VDF,1
Universal-HA,E432K,A,7VDF,0
Universal-HA,E432L,A,7VDF,0
Universal-HA,E432M,A,7VDF,0
Universal-HA,E432N,A,7VDF,0
Universal-HA,E432P,A,7VDF,0
Universal-HA,E432Q,A,7VDF,0
Universal-HA,E432R,A,7VDF,0
Universal-HA,E432S,A,7VDF,0
Universal-HA,E432T,A,7VDF,0
Universal-HA,E432V,A,7VDF,0
Universal-HA,E432W,A,7VDF,0
Universal-HA,E432Y,A,7VDF,0
